Aalto_University,Columbia_University
Aalto_University,Columbia_University
Aarhus_University,University_of_Iowa
Acadia_University,University_of_Pennsylvania
Acadia_University,University_of_Texas_Austin
Arizona_State_University-Tempe,University_of_Texas_Dallas
Auburn_University,Georgia_Southern_University
Auburn_University,Virginia_Polytechnic_Institute_&_State_University
Australian_National_University,University_of_Florida
Australian_National_University,University_of_Western_Australia
Australian_National_University,University_of_Minnesota_Twin_Cities
Boston_University,Harvard_University
Boston_University,University_of_London
Boston_University,Boston_University
Boston_University,University_College_London
Boston_University,Boston_University
Bowling_Green_State_University,Hungarian_Alfred_Renyi_Institute_of_Mathematics
Bowling_Green_State_University,Hungarian_Alfred_Renyi_Institute_of_Mathematics
California_Institute_of_Technology,Arizona_State_University-Tempe
Carnegie_Mellon_University,Carnegie_Mellon_University
Carnegie_Mellon_University,University_of_California_Berkeley
Carnegie_Mellon_University,University_of_Minnesota_Twin_Cities
Carnegie_Mellon_University,Columbia_University
Carnegie_Mellon_University,University_of_Toronto
Carnegie_Mellon_University,University_of_Sheffield
Carnegie_Mellon_University,Carnegie_Mellon_University
Chinese_University_of_Hong_Kong,University_of_California_Los_Angeles
Chinese_University_of_Hong_Kong,University_of_Wisconsin_Madison
Chinese_University_of_Hong_Kong,University_of_California_Los_Angeles
Colorado_State_University,University_of_Washington_Seattle
Colorado_State_University,University_of_California_Davis
Colorado_State_University,University_of_California_Davis
Columbia_University,York_University_-_Canada
Columbia_University,University_of_Chicago
Columbia_University,Columbia_University
Columbia_University,Columbia_University
Columbia_University,Columbia_University
Columbia_University,Harvard_University
Columbia_University,Columbia_University
Columbia_University,University_of_Chicago
Columbia_University,Iowa_State_University
Columbia_University,Sapienza_University_Rome
Columbia_University,Aalto_University
Columbia_University,Indiana_University_Bloomington
Columbia_University,University_of_California_Berkeley
Columbia_University,University_of_Minnesota_Twin_Cities
Columbia_University,Harvard_University
Columbia_University,Sapienza_University_Rome
Columbia_University,University_of_California_Berkeley
Columbia_University,National_Institutes_of_Health_(NIH)_-_USA
Columbia_University,University_of_Minnesota_Twin_Cities
Columbia_University,University_of_Cambridge
Columbia_University,NIH_National_Heart_Lung_&_Blood_Institute_(NHLBI)
Columbia_University,Harvard_University
Columbia_University,SUNY_Community_College
Columbia_University,University_of_Toronto
Cornell_University,Harvard_University
Cornell_University,Harvard_University
Dana-Farber_Cancer_Institute,Harvard_University
Dana-Farber_Cancer_Institute,Harvard_University
Dana-Farber_Cancer_Institute,Boston_University
Dana-Farber_Cancer_Institute,Boston_University
Dana-Farber_Cancer_Institute,Harvard_University
Dana-Farber_Cancer_Institute,Worcester_Polytechnic_Institute
Dortmund_University_of_Technology,Columbia_University
Drexel_University,Johns_Hopkins_University
Drexel_University,Johns_Hopkins_University
Duke_University,Harvard_University
Duke_University,University_of_Miami
Erasmus_University_Rotterdam,University_of_Virginia
Flinders_University_South_Australia,Colorado_State_University
Georgia_Institute_of_Technology,University_of_Wisconsin_Madison
Georgia_Institute_of_Technology,University_of_Wisconsin_Madison
Georgia_Southern_University,Virginia_Polytechnic_Institute_&_State_University
Harvard_University,Harvard_University
Harvard_University,Massachusetts_Institute_of_Technology_(MIT)
Harvard_University,Massachusetts_Institute_of_Technology_(MIT)
Harvard_University,Boston_University
Harvard_University,Harvard_University
Harvard_University,Dana-Farber_Cancer_Institute
Harvard_University,Dana-Farber_Cancer_Institute
Harvard_University,Massachusetts_Institute_of_Technology_(MIT)
Harvard_University,Massachusetts_Institute_of_Technology_(MIT)
Harvard_University,University_of_Chicago
Harvard_University,University_of_Chicago
Harvard_University,Princeton_University
Harvard_University,University_of_California_Berkeley
Harvard_University,University_of_Illinois_Urbana-Champaign
Harvard_University,University_of_Milan
Harvard_University,Harvard_University
Harvard_University,Texas_A&M_University_College_Station
Harvard_University,Harvard_University
Harvard_University,Harvard_University
Harvard_University,Princeton_University
Harvard_University,Harvard_University
Harvard_University,Temple_University
Harvard_University,Harvard_University
Harvard_University,University_of_Chicago
Harvard_University,University_of_Michigan
Harvard_University,University_of_Trieste
Harvard_University,Boston_University
Harvard_University,Dana-Farber_Cancer_Institute
Harvard_University,Dana-Farber_Cancer_Institute
Harvard_University,University_of_California_Berkeley
Harvard_University,Boston_University
Harvard_University,University_of_California_Berkeley
Harvard_University,Harvard_University
Harvard_University,Worcester_Polytechnic_Institute
Harvard_University,Aalto_University
Harvard_University,University_of_Milan
Harvard_University,University_of_Trieste
Harvard_University,Johns_Hopkins_University
Harvard_University,Boston_University
Harvard_University,Harvard_University
Harvard_University,University_of_Trieste
Harvard_University,Johns_Hopkins_University
Harvard_University,Dana-Farber_Cancer_Institute
Harvard_University,Boston_University
Harvard_University,Dana-Farber_Cancer_Institute
Harvard_University,Dana-Farber_Cancer_Institute
Harvard_University,Boston_University
Harvard_University,Schering-Plough_Research_Institute
Harvard_University,Harvard_University
Harvard_University,Harvard_University
Harvard_University,Worcester_Polytechnic_Institute
Harvard_University,University_of_Miami
Hebrew_University_of_Jerusalem,University_of_Rochester
Hebrew_University_of_Jerusalem,UDICE-French_Research_Universities
Hopital_Universitaire_Pitie-Salpetriere_-_APHP,Institut_National_de_la_Sante_et_de_la_Recherche_Medicale_(Inserm)
Hopital_Universitaire_Pitie-Salpetriere_-_APHP,UDICE-French_Research_Universities
Hopital_Universitaire_Pitie-Salpetriere_-_APHP,Sorbonne_Universite
Imperial_College_London,University_of_London
Imperial_College_London,University_of_Oxford
Imperial_College_London,University_of_Cambridge
Imperial_College_London,University_of_Minnesota_Twin_Cities
Indian_Institute_of_Management_Ahmedabad,Harvard_University
Indian_Institute_of_Management_Ahmedabad,Dana-Farber_Cancer_Institute
Indian_Statistical_Institute_Kolkata,Northern_Arizona_University
Indian_Statistical_Institute_Kolkata,University_of_Oslo
Indian_Statistical_Institute_Kolkata,University_of_North_Carolina_Chapel_Hill
Indian_Statistical_Institute_Kolkata,Open_University_-_UK
Institut_Agro,Institut_Agro
Institut_National_de_la_Sante_et_de_la_Recherche_Medicale_(Inserm),UDICE-French_Research_Universities
Institut_National_de_la_Sante_et_de_la_Recherche_Medicale_(Inserm),Universite_de_Bordeaux
Institut_National_de_la_Sante_et_de_la_Recherche_Medicale_(Inserm),Institut_National_de_la_Sante_et_de_la_Recherche_Medicale_(Inserm)
Institut_National_de_la_Sante_et_de_la_Recherche_Medicale_(Inserm),UDICE-French_Research_Universities
Institut_National_de_la_Sante_et_de_la_Recherche_Medicale_(Inserm),Sorbonne_Universite
Johns_Hopkins_University,Harvard_University
Johns_Hopkins_University,Harvard_University
Johns_Hopkins_University,Johns_Hopkins_University
Johns_Hopkins_University,University_of_California_Berkeley
Johns_Hopkins_University,Johns_Hopkins_University
Johns_Hopkins_University,Johns_Hopkins_University
Kangwon_National_University,University_of_Wisconsin_Madison
Kansas_State_University,Louisiana_State_University
KIMEP_University,University_of_Gottingen
KIMEP_University,University_of_Gottingen
Lancaster_University,Lancaster_University
Lancaster_University,University_of_Toronto
Lancaster_University,University_of_Toronto
Leibniz_Institute_for_Prevention_Research_&_Epidemiology_(BIPS),University_of_Bremen
Leiden_University,Leiden_University_Medical_Center_(LUMC)
Leiden_University,Leiden_University_Medical_Center_(LUMC)
Leiden_University,Leiden_University_-_Excl_LUMC
Leiden_University,Leiden_University_-_Excl_LUMC
Leiden_University,University_of_Amsterdam
Leiden_University,Leiden_University_Medical_Center_(LUMC)
Leiden_University,Leiden_University_-_Excl_LUMC
Leiden_University_-_Excl_LUMC,University_of_Amsterdam
Leiden_University_Medical_Center_(LUMC),Leiden_University_-_Excl_LUMC
Leiden_University_Medical_Center_(LUMC),Leiden_University_-_Excl_LUMC
Leiden_University_Medical_Center_(LUMC),University_of_Amsterdam
Massachusetts_Institute_of_Technology_(MIT),University_of_Warwick
Massachusetts_Institute_of_Technology_(MIT),University_of_Chicago
Massachusetts_Institute_of_Technology_(MIT),University_of_Texas_Austin
Massachusetts_Institute_of_Technology_(MIT),University_of_California_Berkeley
Massachusetts_Institute_of_Technology_(MIT),Princeton_University
McGill_University,Vanderbilt_University
McMaster_University,McMaster_University
Murdoch_Children's_Research_Institute,University_of_Melbourne
National_Institutes_of_Health_(NIH)_-_USA,NIH_National_Cancer_Institute_(NCI)
National_Institutes_of_Health_(NIH)_-_USA,NIH_National_Cancer_Institute_(NCI)
National_Institutes_of_Health_(NIH)_-_USA,NIH_National_Cancer_Institute_(NCI)
National_Institutes_of_Health_(NIH)_-_USA,NIH_National_Cancer_Institute_(NCI)
National_Institutes_of_Health_(NIH)_-_USA,NIH_National_Cancer_Institute_(NCI)
National_Institutes_of_Health_(NIH)_-_USA,NIH_National_Cancer_Institute_(NCI)
National_Institutes_of_Health_(NIH)_-_USA,NIH_National_Cancer_Institute_(NCI)
National_Institutes_of_Health_(NIH)_-_USA,NIH_National_Heart_Lung_&_Blood_Institute_(NHLBI)
Nazarbayev_University,KIMEP_University
Nazarbayev_University,University_of_Gottingen
Nazarbayev_University,University_of_Gottingen
New_York_State_Psychiatry_Institute,New_York_State_Psychiatry_Institute
New_York_State_Psychiatry_Institute,Columbia_University
New_York_State_Psychiatry_Institute,SUNY_Community_College
New_York_State_Psychiatry_Institute,Columbia_University
New_York_State_Psychiatry_Institute,SUNY_Community_College
New_York_University,University_of_California_Davis
Northern_Arizona_University,University_of_Oslo
Northern_Arizona_University,Open_University_-_UK
Northwestern_University,Carnegie_Mellon_University
Norwegian_Institute_of_Public_Health_(NIPH),University_of_Bergen
Norwegian_University_of_Science_&_Technology_(NTNU),Institut_Polytechnique_de_Paris
Ohio_State_University,University_of_Michigan
Open_University_-_UK,Carnegie_Mellon_University
Open_University_-_UK,University_of_Sheffield
Oxford_University_Hospitals_NHS_Foundation_Trust,University_of_Oxford
Oxford_University_Hospitals_NHS_Foundation_Trust,University_of_Birmingham
Peking_University,Pennsylvania_State_University_-_University_Park
Pennsylvania_State_University_-_University_Park,Harvard_University
Pennsylvania_State_University_-_University_Park,Universite_de_Orleans
Pennsylvania_State_University_-_University_Park,University_of_California_Los_Angeles
Picardie_Universites,Universite_de_Picardie_Jules_Verne_(UPJV)
Picardie_Universites,UDICE-French_Research_Universities
Picardie_Universites,Universite_Paris_Cite
Picardie_Universites,Universite_de_Picardie_Jules_Verne_(UPJV)
Picardie_Universites,Universite_de_Technologie_de_Compiegne
Picardie_Universites,UDICE-French_Research_Universities
Picardie_Universites,Universite_Paris_Cite
Pompeu_Fabra_University,University_of_California_Los_Angeles
Princeton_University,University_of_Southern_California
Princeton_University,Chinese_University_of_Hong_Kong
Princeton_University,University_of_Southern_California
Princeton_University,Harvard_University
Princeton_University,Yale_University
Princeton_University,Colorado_State_University
Princeton_University,Harvard_University
Princeton_University,Ohio_State_University
Princeton_University,Johns_Hopkins_University
Princeton_University,University_of_California_Irvine
Princeton_University,Harvard_University
Princeton_University,Johns_Hopkins_University
Princeton_University,Princeton_University
PSL_Research_University_Paris,Universite_Paris-Dauphine
PSL_Research_University_Paris,UDICE-French_Research_Universities
PSL_Research_University_Paris,PSL_Research_University_Paris
Roma_Tre_University,Duke_University
Rutgers_State_University_New_Brunswick,University_of_Iowa
Rutgers_State_University_New_Brunswick,Columbia_University
SAS_Institute_Inc,University_of_Florida
Smith_College,Harvard_University
Sorbonne_Universite,Universite_Paris_Cite
Stanford_University,Stanford_University
Stanford_University,Stanford_University
Stanford_University,Picardie_Universites
Stanford_University,Stanford_University
Stanford_University,Princeton_University
Stanford_University,Stanford_University
Stanford_University,Stanford_University
Stanford_University,Universite_de_Picardie_Jules_Verne_(UPJV)
Stanford_University,Harvard_University
Stanford_University,University_of_Michigan
Stanford_University,UDICE-French_Research_Universities
Stanford_University,Johns_Hopkins_University
Stanford_University,Stanford_University
Stanford_University,University_of_California_Berkeley
Stanford_University,University_of_Toronto
Stanford_University,Universite_Paris_Cite
Stanford_University,Stanford_University
Stanford_University,Stanford_University
Sunnybrook_Research_Institute,University_Toronto_Affiliates
Sunnybrook_Research_Institute,University_Toronto_Affiliates
Sunnybrook_Research_Institute,University_Toronto_Affiliates
SUNY_Maritime_College,National_Institutes_of_Health_(NIH)_-_USA
SUNY_Maritime_College,NIH_National_Cancer_Institute_(NCI)
Swiss_Federal_Institutes_of_Technology_Domain,University_of_Munich
Swiss_Federal_Institutes_of_Technology_Domain,Hebrew_University_of_Jerusalem
Swiss_Federal_Institutes_of_Technology_Domain,McMaster_University
Swiss_Federal_Institutes_of_Technology_Domain,University_of_California_Berkeley
Swiss_Federal_Institutes_of_Technology_Domain,University_of_California_Berkeley
Tel_Aviv_University,Hebrew_University_of_Jerusalem
Tel_Aviv_University,University_of_California_Los_Angeles
Tel_Aviv_University,University_of_Rochester
Tel_Aviv_University,University_of_California_Los_Angeles
Telethon_Kids_Institute,University_of_Western_Australia
Telethon_Kids_Institute,University_of_Western_Australia
Telethon_Kids_Institute,University_of_Western_Australia
Temple_University,Princeton_University
Texas_A&M_University_College_Station,University_of_California_Berkeley
UDICE-French_Research_Universities,Sorbonne_Universite
UDICE-French_Research_Universities,PSL_Research_University_Paris
UDICE-French_Research_Universities,Sorbonne_Universite
UDICE-French_Research_Universities,Universite_Paris_Cite
UDICE-French_Research_Universities,Universite_Paris-Dauphine
UDICE-French_Research_Universities,UDICE-French_Research_Universities
UDICE-French_Research_Universities,PSL_Research_University_Paris
UDICE-French_Research_Universities,Universite_de_Bordeaux
UDICE-French_Research_Universities,Universite_Paris_Cite
UDICE-French_Research_Universities,Institut_National_de_la_Sante_et_de_la_Recherche_Medicale_(Inserm)
UDICE-French_Research_Universities,UDICE-French_Research_Universities
UDICE-French_Research_Universities,Universite_Paris_Cite
UDICE-French_Research_Universities,Universite_Paris_Cite
UDICE-French_Research_Universities,PSL_Research_University_Paris
UDICE-French_Research_Universities,Sorbonne_Universite
Universidade_de_Lisboa,Duke_University
Universidade_de_Sao_Paulo,Universidade_Federal_de_Pernambuco
Universidade_de_Sao_Paulo,Universidade_Federal_Rural_de_Pernambuco_(UFRPE)
Universidade_de_Sao_Paulo,University_of_Connecticut
Universidade_Federal_de_Pernambuco,University_of_Innsbruck
Universita_Ca_Foscari_Venezia,University_of_Toronto
Universita_Ca_Foscari_Venezia,University_of_Warwick
Universite_Catholique_Louvain,Australian_National_University
Universite_Catholique_Louvain,University_of_Minnesota_Twin_Cities
Universite_Catholique_Louvain,University_of_New_South_Wales_Sydney
Universite_de_Bordeaux,Institut_National_de_la_Sante_et_de_la_Recherche_Medicale_(Inserm)
Universite_de_Picardie_Jules_Verne_(UPJV),UDICE-French_Research_Universities
Universite_de_Picardie_Jules_Verne_(UPJV),Universite_Paris_Cite
Universite_de_Picardie_Jules_Verne_(UPJV),UDICE-French_Research_Universities
Universite_de_Picardie_Jules_Verne_(UPJV),Universite_Paris_Cite
Universite_Paris-Dauphine,UDICE-French_Research_Universities
Universite_Paris-Dauphine,PSL_Research_University_Paris
Universite_Paris_Cite,UDICE-French_Research_Universities
University_College_Dublin,University_of_Washington_Seattle
University_of_Aberdeen,University_of_West_England
University_of_Aberdeen,University_of_Karachi
University_of_Adelaide,University_of_Kent
University_of_Alabama_Tuscaloosa,Southern_Illinois_University_Edwardsville
University_of_Alabama_Tuscaloosa,Arizona_State_University-Tempe
University_of_Amsterdam,Erasmus_University_Rotterdam
University_of_Arizona,University_of_California_Berkeley
University_of_Basel,Vienna_University_of_Economics_&_Business
University_of_Basel,Stanford_University
University_of_Bath,University_of_California_San_Diego
University_of_Bristol,Columbia_University
University_of_Bristol,Institut_National_de_la_Sante_et_de_la_Recherche_Medicale_(Inserm)
University_of_Bristol,Nazarbayev_University
University_of_Bristol,University_of_Warwick
University_of_Bristol,Swiss_Federal_Institutes_of_Technology_Domain
University_of_Bristol,KIMEP_University
University_of_Bristol,University_of_Gottingen
University_of_Bristol,University_of_Gottingen
University_of_Bristol,Queensland_University_of_Technology_(QUT)
University_of_British_Columbia,National_University_of_Singapore
University_of_California_Berkeley,Hebrew_University_of_Jerusalem
University_of_California_Berkeley,University_of_Copenhagen
University_of_California_Berkeley,Carnegie_Mellon_University
University_of_California_Berkeley,Duke_University
University_of_California_Berkeley,University_of_Michigan
University_of_California_Berkeley,University_of_Michigan
University_of_California_Berkeley,University_of_California_San_Diego
University_of_California_Berkeley,Carnegie_Mellon_University
University_of_California_Berkeley,Harvard_University
University_of_California_Berkeley,UDICE-French_Research_Universities
University_of_California_Berkeley,University_of_Miami
University_of_California_Berkeley,Johns_Hopkins_University
University_of_California_Berkeley,University_of_California_Berkeley
University_of_California_Berkeley,University_of_California_Berkeley
University_of_California_Berkeley,University_of_Auckland
University_of_California_Davis,University_of_Waterloo
University_of_California_Davis,University_of_Gottingen
University_of_California_Los_Angeles,University_of_California_Los_Angeles_Medical_Center
University_of_California_Los_Angeles,University_of_South_Carolina
University_of_California_Los_Angeles,University_of_California_Los_Angeles_Medical_Center
University_of_California_Los_Angeles,Harvard_University
University_of_California_Los_Angeles,University_of_California_Berkeley
University_of_California_Los_Angeles,University_of_Auckland
University_of_California_Los_Angeles,University_of_South_Carolina_Columbia
University_of_California_Los_Angeles,Harvard_University
University_of_California_Los_Angeles,University_of_California_Los_Angeles
University_of_California_Los_Angeles,University_of_London
University_of_California_San_Diego,University_of_Southern_California
University_of_California_San_Francisco,Stanford_University
University_of_California_San_Francisco,Stanford_University
University_of_Cambridge,Columbia_University
University_of_Cambridge,University_of_Jinan
University_of_Cambridge,University_of_Hong_Kong
University_of_Cambridge,University_of_Cambridge
University_of_Cambridge,University_of_London
University_of_Cambridge,Imperial_College_London
University_of_Cambridge,University_of_St_Andrews
University_of_Cambridge,Murdoch_Children's_Research_Institute
University_of_Cambridge,University_of_London
University_of_Cambridge,Imperial_College_London
University_of_Cambridge,University_of_Melbourne
University_of_Cambridge,University_of_Minnesota_Twin_Cities
University_of_Cambridge,University_College_London
University_of_Chicago,University_of_Chicago
University_of_Chicago,Stanford_University
University_of_Chicago,Chinese_University_of_Hong_Kong
University_of_Chicago,University_of_Pittsburgh
University_of_Chicago,University_of_Texas_Austin
University_of_Chicago,Western_University_(University_of_Western_Ontario)
University_of_Chicago,University_of_Pennsylvania
University_of_Chicago,Iowa_State_University
University_of_Chicago,University_of_Chicago
University_of_Connecticut,North_Carolina_State_University
University_of_Connecticut,Universidade_de_Sao_Paulo
University_of_Copenhagen,Aarhus_University
University_of_Copenhagen,Utrecht_University
University_of_Copenhagen,University_of_Copenhagen
University_of_Edinburgh,University_of_Edinburgh
University_of_Erlangen_Nuremberg,Vrije_Universiteit_Amsterdam
University_of_Erlangen_Nuremberg,Swiss_Federal_Institutes_of_Technology_Domain
University_of_Erlangen_Nuremberg,University_of_California_Berkeley
University_of_Florida,Harvard_University
University_of_Florida,University_of_Iowa
University_of_Florida,University_of_Florida
University_of_Florida,University_of_Western_Australia
University_of_Gottingen,University_of_Gottingen
University_of_Helsinki,Finnish_Meteorological_Institute
University_of_Hong_Kong,University_of_London
University_of_Illinois_Chicago,University_of_Illinois_Chicago_Hospital
University_of_Illinois_Chicago,University_of_Illinois_Chicago_Hospital
University_of_Illinois_Chicago,University_of_Illinois_Chicago_Hospital
University_of_Illinois_Urbana-Champaign,Universidade_Nova_de_Lisboa
University_of_Illinois_Urbana-Champaign,Universidade_de_Lisboa
University_of_Illinois_Urbana-Champaign,Duke_University
University_of_Iowa,University_of_Kentucky
University_of_Iowa,University_of_Florida
University_of_Jinan,University_of_Hong_Kong
University_of_Jinan,University_of_London
University_of_Kentucky,University_of_Iowa
University_of_London,University_College_London
University_of_London,University_College_London
University_of_London,University_College_London
University_of_London,University_College_London
University_of_London,University_of_Oxford
University_of_London,University_College_London
University_of_London,University_College_London
University_of_London,University_College_London
University_of_Maine_Orono,University_of_New_Brunswick
University_of_Maryland_College_Park,University_of_California_Los_Angeles
University_of_Maryland_College_Park,University_of_North_Carolina_Chapel_Hill
University_of_Massachusetts_Amherst,Leiden_University
University_of_Massachusetts_Amherst,Leiden_University_-_Excl_LUMC
University_of_Miami,University_of_California_Berkeley
University_of_Miami,University_of_California_Berkeley
University_of_Michigan,University_of_Chicago
University_of_Michigan,Vrije_Universiteit_Amsterdam
University_of_Michigan,University_of_California_Berkeley
University_of_Michigan,University_of_Toronto
University_of_Michigan,Yale_University
University_of_Milan,Harvard_University
University_of_Milan,University_of_Trieste
University_of_Milan,University_of_Trieste
University_of_Minnesota_Twin_Cities,Stanford_University
University_of_Minnesota_Twin_Cities,University_of_Nebraska_Medical_Center
University_of_Minnesota_Twin_Cities,North_Carolina_State_University
University_of_Minnesota_Twin_Cities,Pennsylvania_State_University_-_University_Park
University_of_Minnesota_Twin_Cities,Columbia_University
University_of_Minnesota_Twin_Cities,University_of_Toronto
University_of_Minnesota_Twin_Cities,Harvard_University
University_of_Munich,European_University_Institute
University_of_Munich,Vrije_Universiteit_Amsterdam
University_of_Munich,Johannes_Gutenberg_University_of_Mainz
University_of_Nebraska_Lincoln,University_of_Tennessee_Knoxville
University_of_Nebraska_Lincoln,UT_Institute_of_Agriculture
University_of_New_Brunswick,Indian_Institute_of_Technology_(IIT)_-_Kanpur
University_of_New_Brunswick,Indian_Institute_of_Technology_(IIT)_-_Kanpur
University_of_North_Carolina_Chapel_Hill,University_of_New_South_Wales_Sydney
University_of_North_Carolina_Chapel_Hill,Universite_Catholique_Louvain
University_of_North_Carolina_Chapel_Hill,Chinese_University_of_Hong_Kong
University_of_North_Carolina_Chapel_Hill,SAS_Institute_Inc
University_of_North_Carolina_Chapel_Hill,University_of_New_South_Wales_Sydney
University_of_North_Carolina_Chapel_Hill,University_of_Michigan
University_of_North_Carolina_Chapel_Hill,Texas_A&M_University_College_Station
University_of_North_Carolina_Chapel_Hill,Yale_University
University_of_North_Carolina_Chapel_Hill,University_of_Florida
University_of_North_Carolina_Charlotte,University_of_California_Los_Angeles
University_of_North_Carolina_Charlotte,University_of_London
University_of_Oslo,University_of_Oslo
University_of_Oslo,Norwegian_Institute_of_Public_Health_(NIPH)
University_of_Oslo,University_of_Bergen
University_of_Oslo,Norwegian_Institute_of_Public_Health_(NIPH)
University_of_Oslo,University_of_Bergen
University_of_Oslo,Open_University_-_UK
University_of_Oxford,Swiss_Federal_Institutes_of_Technology_Domain
University_of_Oxford,Cornell_University
University_of_Oxford,Imperial_College_London
University_of_Oxford,McGill_University
University_of_Oxford,Vanderbilt_University
University_of_Oxford,University_of_Freiburg
University_of_Oxford,University_of_Birmingham
University_of_Padua,University_of_Bologna
University_of_Padua,University_of_Bologna
University_of_Pennsylvania,Shanghai_Jiao_Tong_University
University_of_Pennsylvania,Purdue_University_West_Lafayette_Campus
University_of_Pennsylvania,University_of_Texas_Austin
University_of_Perugia,University_College_Dublin
University_of_Perugia,University_of_Washington_Seattle
University_of_Pittsburgh,University_of_California_Berkeley
University_of_Pittsburgh,Indian_Statistical_Institute_Kolkata
University_of_Pittsburgh,Western_University_(University_of_Western_Ontario)
University_of_Pittsburgh,University_of_Pennsylvania
University_of_Sheffield,University_of_Sheffield
University_of_South_Carolina,University_of_South_Carolina_Columbia
University_of_Southampton,University_of_Connecticut
University_of_Southampton,Universidade_de_Sao_Paulo
University_of_Southern_Denmark,Aalborg_University
University_of_St_Andrews,Imperial_College_London
University_of_Sydney,Wageningen_University_&_Research
University_of_Sydney,Macquarie_University
University_of_Tennessee_Knoxville,UT_Institute_of_Agriculture
University_of_Texas_Austin,University_of_Chicago
University_of_Texas_Austin,University_of_Chicago
University_of_Texas_Austin,University_of_California_Berkeley
University_of_Toronto,University_of_Toronto
University_of_Toronto,University_of_Toronto
University_of_Toronto,University_of_Toronto
University_of_Toronto,University_of_Toronto
University_of_Toronto,Duke_University
University_of_Toronto,University_of_Toronto
University_of_Toronto,University_of_Toronto
University_of_Toronto,University_of_Toronto
University_of_Toronto,University_of_Toronto
University_of_Toronto,Michigan_State_University
University_of_Toronto,University_of_Toronto
University_of_Toronto,University_of_Toronto
University_of_Toronto,University_of_Toronto
University_of_Toronto,University_of_Toronto
University_of_Toronto,University_of_Toronto
University_of_Toronto,University_of_Toronto
University_of_Toronto,University_of_Toronto
University_of_Toronto,University_of_Toronto
University_of_Toronto,University_of_Toronto
University_of_Toronto,University_of_Toronto
University_of_Toronto,University_of_Toronto
University_of_Toronto,University_of_Toronto
University_of_Toronto,University_of_Toronto
University_of_Toronto,University_of_Toronto
University_of_Toronto,University_of_Toronto
University_of_Toronto,University_of_Toronto
University_of_Toronto,University_of_Toronto
University_of_Toronto,University_of_Toronto
University_of_Toronto,University_of_Toronto
University_of_Toronto,University_of_Toronto
University_of_Toronto,University_of_Toronto
University_of_Toronto,Sunnybrook_Research_Institute
University_of_Toronto,University_of_Toronto
University_of_Toronto,Sunnybrook_Research_Institute
University_of_Toronto,University_of_Toronto
University_of_Toronto,University_of_Toronto
University_of_Toronto,University_of_Toronto
University_of_Toronto,Sunnybrook_Research_Institute
University_of_Toronto,University_Toronto_Affiliates
University_of_Toronto,University_Toronto_Affiliates
University_of_Toronto,University_of_Manitoba
University_of_Toronto,University_Toronto_Affiliates
University_of_Toronto,University_of_Toronto
University_of_Toronto,University_of_Toronto
University_of_Toronto,University_of_Toronto
University_of_Toronto,University_of_Toronto
University_of_Toronto,University_of_Toronto
University_of_Toronto,University_of_Toronto
University_of_Toronto,University_of_Warwick
University_of_Toronto,University_of_Toronto
University_of_Toronto,University_of_Toronto
University_of_Toronto,University_of_Toronto
University_of_Toronto,University_of_Toronto
University_of_Toronto,University_of_Toronto
University_of_Toronto,University_of_Toronto
University_of_Toronto,Sunnybrook_Research_Institute
University_of_Toronto,University_of_Toronto
University_of_Toronto,Sunnybrook_Research_Institute
University_of_Toronto,University_of_Toronto
University_of_Toronto,University_of_Toronto
University_of_Toronto,University_of_Toronto
University_of_Toronto,Sunnybrook_Research_Institute
University_of_Toronto,University_Toronto_Affiliates
University_of_Toronto,University_Toronto_Affiliates
University_of_Toronto,University_of_Manitoba
University_of_Toronto,University_Toronto_Affiliates
University_of_Toronto,Sunnybrook_Research_Institute
University_of_Toronto,University_of_Toronto
University_of_Toronto,Sunnybrook_Research_Institute
University_of_Toronto,University_of_Toronto
University_of_Toronto,University_of_Toronto
University_of_Toronto,University_of_Toronto
University_of_Toronto,Sunnybrook_Research_Institute
University_of_Toronto,University_Toronto_Affiliates
University_of_Toronto,University_Toronto_Affiliates
University_of_Toronto,University_of_Manitoba
University_of_Toronto,University_Toronto_Affiliates
University_of_Toronto,University_of_Toronto
University_of_Toronto,University_of_Manitoba
University_of_Valencia,Yale_University
University_of_Washington_Seattle,University_of_Waterloo
University_of_Washington_Seattle,National_Institutes_of_Health_(NIH)_-_USA
University_of_Washington_Seattle,University_of_Bristol
University_of_Washington_Seattle,Harvard_University
University_of_Washington_Seattle,Simon_Fraser_University
University_of_Washington_Seattle,NIH_National_Cancer_Institute_(NCI)
University_of_Washington_Seattle,Queensland_University_of_Technology_(QUT)
University_of_Washington_Seattle,University_of_Washington_Seattle
University_of_Washington_Seattle,University_of_Washington_Seattle
University_of_Washington_Seattle,Schering-Plough_Research_Institute
University_of_Waterloo,University_of_Wisconsin_Madison
University_of_Waterloo,University_of_Texas_Austin
University_of_Waterloo,National_Institute_of_Standards_&_Technology_(NIST)_-_USA
University_of_Waterloo,University_of_Chicago
University_of_Waterloo,University_of_Gottingen
University_of_West_England,University_of_Karachi
University_of_West_Florida,Virginia_Polytechnic_Institute_&_State_University
University_of_Western_Australia,University_of_Western_Australia
University_of_Western_Australia,University_of_Western_Australia
University_of_Western_Australia,University_of_Western_Australia
University_of_Wisconsin_Madison,University_of_Chicago
University_of_Wisconsin_Madison,University_of_Chicago
University_of_Wisconsin_Madison,University_of_Wisconsin_Madison
University_of_Wisconsin_Madison,University_of_Washington_Seattle
University_of_Wisconsin_Madison,University_of_Wisconsin_Madison
University_of_Wisconsin_Madison,Harvard_University
University_of_Wisconsin_Madison,National_Institute_of_Standards_&_Technology_(NIST)_-_USA
University_of_Wisconsin_Madison,University_of_California_Los_Angeles
University_of_Wisconsin_Madison,Harvard_University
Utrecht_University,University_of_Copenhagen
Utrecht_University,Louisiana_State_University
Vienna_University_of_Economics_&_Business,University_of_Basel
Vienna_University_of_Economics_&_Business,Stanford_University
Virginia_Polytechnic_Institute_&_State_University,University_of_West_Florida
Virginia_Polytechnic_Institute_&_State_University,Virginia_Polytechnic_Institute_&_State_University
Washington_State_University,University_of_California_Los_Angeles
Washington_University_(WUSTL),Washington_University_(WUSTL)
Western_University_(University_of_Western_Ontario),University_of_Pennsylvania
Worcester_Polytechnic_Institute,University_of_Oregon
Xiamen_University,Pennsylvania_State_University_-_University_Park
York_University_-_Canada,York_University_-_Canada
York_University_-_Canada,Indiana_University_Bloomington
